no;id;case.control;BRCA.status;oral.years;n.children;age.group;ethnic.group;BRCA.history;gynSurgery.history;family.history
1;sub1;0;0;0.000;1;1;3;0;0;0
2;sub2;1;1;0.000;2;4;1;0;0;2
3;sub3;0;0;0.000;2;4;1;0;0;0
4;sub4;1;0;0.000;3;3;1;0;0;0
5;sub5;1;0;0.000;3;1;2;0;0;0
6;sub6;0;0;3.833;2;1;2;0;0;0
7;sub7;1;1;0.000;2;4;1;0;0;2
8;sub8;0;0;0.000;3;4;1;0;0;1
9;sub9;1;1;0.000;2;2;1;0;0;1
10;sub10;0;0;0.000;2;2;1;0;0;0
11;sub11;1;0;0.000;2;5;1;0;0;0
12;sub12;0;0;0.000;4;5;1;0;0;0
13;sub13;1;1;6.000;3;2;1;0;0;0
14;sub14;0;0;3.500;5;2;1;0;0;0
15;sub15;1;0;0.000;2;2;3;0;0;0
16;sub16;1;1;1.000;3;3;1;0;0;2
17;sub17;0;0;2.000;3;4;1;0;0;0
18;sub18;0;0;0.000;2;4;1;0;0;0
19;sub19;1;1;0.000;4;4;1;0;0;0
20;sub20;1;1;0.000;2;4;1;0;0;0
21;sub21;1;0;0.000;0;2;1;0;0;0
22;sub22;1;0;0.000;3;5;1;0;0;0
23;sub23;0;0;0.000;3;4;2;0;0;0
24;sub24;1;0;0.000;0;3;1;0;0;2
25;sub25;0;0;0.000;4;4;1;0;0;0
26;sub26;1;1;0.000;3;4;3;0;0;0
27;sub27;0;0;0.000;5;4;3;0;0;0
28;sub28;1;0;0.000;3;2;1;0;0;0
29;sub29;1;0;0.000;1;5;1;0;2;0
30;sub30;1;0;0.000;1;5;1;0;0;0
31;sub31;0;0;0.000;4;5;1;0;0;0
32;sub32;0;0;0.000;3;5;1;0;2;0
33;sub33;1;0;0.000;1;3;2;0;0;0
34;sub34;0;0;0.000;5;3;2;0;0;0
35;sub35;1;0;0.000;2;1;1;0;0;0
36;sub36;0;0;16.000;4;4;2;0;0;0
37;sub37;1;0;0.000;10;3;2;0;0;0
38;sub38;0;0;2.000;2;3;2;0;0;0
39;sub39;0;0;0.000;4;3;2;0;0;0
40;sub40;1;0;0.000;2;3;1;0;0;0
41;sub41;0;0;0.333;0;1;2;0;0;0
42;sub42;1;0;0.000;1;3;1;0;0;0
43;sub43;0;0;0.000;2;3;1;0;0;0
44;sub44;0;0;0.000;1;4;1;0;0;0
45;sub45;0;0;0.000;2;5;2;0;0;0
46;sub46;1;1;0.000;3;5;1;0;0;0
47;sub47;1;0;0.000;0;4;1;0;0;0
48;sub48;0;0;0.000;4;4;1;0;0;0
49;sub49;1;0;0.000;8;4;2;0;0;0
50;sub50;0;0;0.000;4;4;2;0;0;0
51;sub51;1;0;10.000;3;1;3;0;0;0
52;sub52;0;0;0.000;2;1;3;0;0;0
53;sub53;0;0;5.000;0;1;1;0;0;0
54;sub54;1;1;0.000;1;5;1;0;0;0
55;sub55;1;1;0.000;2;5;1;0;0;0
56;sub56;0;0;0.000;2;5;1;0;0;0
57;sub57;1;0;0.583;4;2;1;0;0;0
58;sub58;0;0;2.000;5;1;1;0;0;0
59;sub59;1;0;0.000;4;4;1;0;0;0
60;sub60;0;0;0.000;0;4;1;0;0;0
61;sub61;1;1;0.000;3;4;3;0;0;0
62;sub62;0;0;0.000;5;4;3;0;0;0
63;sub63;1;0;0.000;2;5;1;0;0;0
64;sub64;1;0;1.000;3;2;2;0;0;0
65;sub65;1;0;0.000;2;3;2;0;0;0
66;sub66;1;0;0.000;4;4;1;0;0;0
67;sub67;1;0;0.000;1;5;1;0;0;0
68;sub68;1;0;6.083;4;3;2;0;2;0
69;sub69;0;0;0.417;3;2;2;0;0;0
70;sub70;1;0;0.000;0;5;1;0;0;0
71;sub71;1;0;0.000;10;5;2;0;0;0
72;sub72;0;0;0.000;6;5;2;0;0;0
73;sub73;1;0;12.000;0;4;2;0;0;0
74;sub74;1;0;0.000;2;4;1;0;0;0
75;sub75;0;0;0.000;2;2;1;0;0;0
76;sub76;0;0;0.000;1;3;1;0;0;0
77;sub77;1;0;0.000;1;4;1;0;0;0
78;sub78;0;0;1.667;2;4;1;0;0;0
79;sub79;1;1;0.000;0;4;1;1;0;1
80;sub80;0;0;0.000;2;3;1;0;0;0
81;sub81;1;0;0.000;2;2;1;0;0;0
82;sub82;1;1;5.083;3;3;2;0;0;0
83;sub83;0;0;0.000;4;3;2;0;0;0
84;sub84;0;0;0.000;2;5;1;0;0;0
85;sub85;1;0;0.000;5;4;1;0;0;1
86;sub86;1;0;0.000;2;4;2;0;0;0
87;sub87;1;0;0.000;3;2;2;0;0;0
88;sub88;0;0;0.000;1;2;2;0;0;0
89;sub89;1;0;0.000;8;4;2;0;0;0
90;sub90;0;0;0.000;4;4;2;0;0;0
91;sub91;1;0;0.167;10;4;2;0;0;0
92;sub92;0;0;0.000;6;4;2;0;0;0
93;sub93;0;0;1.500;3;3;2;0;0;0
94;sub94;1;0;18.000;2;4;1;0;0;0
95;sub95;1;0;0.000;4;4;2;0;0;0
96;sub96;0;0;0.000;3;4;2;0;0;0
97;sub97;1;0;0.000;3;4;1;0;0;0
98;sub98;0;0;0.000;2;3;1;0;0;0
99;sub99;1;0;3.000;3;2;1;0;0;0
100;sub100;0;0;0.000;2;4;1;0;0;0
101;sub101;1;0;2.417;4;2;1;1;2;0
102;sub102;0;0;0.000;5;2;1;0;2;1
103;sub103;1;0;0.000;0;4;1;0;0;0
104;sub104;0;0;0.000;2;4;1;0;0;0
105;sub105;1;0;8.333;2;5;1;0;0;0
106;sub106;0;0;0.000;0;5;1;0;2;1
107;sub107;0;0;0.000;3;3;1;0;0;0
108;sub108;1;1;0.000;3;4;3;0;0;1
109;sub109;0;0;0.000;0;1;3;0;0;0
110;sub110;1;1;1.000;3;2;1;0;0;0
111;sub111;0;0;0.000;3;2;1;0;0;0
112;sub112;1;1;1.000;2;4;1;1;0;0
113;sub113;1;0;0.000;5;2;1;0;0;1
114;sub114;0;0;0.000;1;3;1;0;0;0
115;sub115;1;1;0.000;1;2;1;0;0;0
116;sub116;0;0;0.000;2;2;1;0;0;0
117;sub117;1;0;0.000;1;5;3;0;0;0
118;sub118;0;1;0.000;2;4;3;0;0;0
119;sub119;0;0;0.000;5;5;3;0;0;0
120;sub120;1;0;0.000;8;5;2;0;2;0
121;sub121;0;0;0.000;4;4;2;0;0;1
122;sub122;1;0;0.000;3;3;2;0;0;0
123;sub123;1;1;0.000;2;4;1;1;0;0
124;sub124;1;0;0.000;2;4;1;0;0;0
125;sub125;0;0;0.000;3;4;1;0;0;0
126;sub126;1;1;0.000;4;5;1;0;0;0
127;sub127;0;0;0.000;2;5;1;0;2;1
128;sub128;1;0;0.000;4;4;2;0;2;1
129;sub129;0;0;0.000;1;4;1;0;2;0
130;sub130;1;1;3.000;3;3;1;0;0;0
131;sub131;0;0;0.000;5;3;2;0;0;0
132;sub132;1;0;18.000;2;4;1;0;0;0
133;sub133;1;1;0.000;3;4;1;0;0;0
134;sub134;1;0;0.000;4;4;2;0;0;0
135;sub135;0;0;0.000;4;4;2;0;0;0
136;sub136;1;0;0.000;4;2;2;0;0;0
137;sub137;0;0;2.250;6;3;2;0;2;0
138;sub138;0;0;4.000;3;3;2;0;0;0
139;sub139;1;0;1.000;4;2;1;0;0;0
140;sub140;0;0;0.000;8;2;1;0;0;0
141;sub141;1;0;0.000;8;4;2;0;0;1
142;sub142;0;0;2.000;0;1;2;0;0;0
143;sub143;1;0;0.000;2;5;1;0;0;0
144;sub144;0;0;0.500;2;2;1;0;0;0
145;sub145;1;0;0.000;2;4;1;0;0;0
146;sub146;0;0;2.500;3;4;1;0;0;0
147;sub147;1;0;0.000;3;2;2;0;0;0
148;sub148;0;0;0.000;3;5;1;0;0;1
149;sub149;1;0;2.000;2;3;3;0;0;0
150;sub150;0;0;0.000;4;3;3;0;0;0
151;sub151;1;1;0.000;4;4;1;0;0;0
152;sub152;0;0;0.000;3;4;1;0;0;0
153;sub153;1;1;1.000;3;2;1;0;0;0
154;sub154;1;0;0.000;2;5;1;0;0;1
155;sub155;1;0;0.167;4;3;2;0;0;0
156;sub156;1;1;0.000;0;3;1;0;0;1
157;sub157;0;0;0.000;1;4;1;0;0;0
158;sub158;1;0;0.000;3;4;1;0;0;0
159;sub159;0;0;0.000;1;5;1;0;0;0
160;sub160;1;0;0.000;1;3;1;0;0;0
161;sub161;1;1;0.000;1;4;1;1;0;0
162;sub162;1;0;5.083;3;1;1;0;0;1
163;sub163;0;0;0.000;5;2;1;0;0;0
164;sub164;0;0;0.000;2;2;1;0;2;0
165;sub165;1;0;0.000;4;2;1;0;0;0
166;sub166;0;0;8.667;4;2;1;0;0;0
167;sub167;1;1;1.667;3;2;1;0;0;2
168;sub168;0;0;0.000;4;2;1;0;0;0
169;sub169;1;1;0.000;3;3;1;0;0;0
170;sub170;0;0;0.000;3;3;1;1;0;1
171;sub171;1;1;2.000;4;2;1;0;0;0
172;sub172;0;0;2.000;3;3;1;0;0;0
173;sub173;1;0;0.000;1;5;1;0;0;0
174;sub174;1;0;0.000;9;3;2;0;0;0
175;sub175;0;0;0.000;1;3;2;0;0;0
176;sub176;0;0;0.000;1;5;1;0;0;0
177;sub177;1;1;0.500;2;2;1;0;0;0
178;sub178;0;0;0.000;2;2;1;0;0;0
179;sub179;1;0;0.000;0;4;1;0;0;0
180;sub180;0;0;0.000;4;4;1;0;0;1
181;sub181;1;1;0.000;3;2;2;0;0;0
182;sub182;0;0;0.000;4;2;2;0;0;0
183;sub183;1;0;0.000;9;5;2;1;0;0
184;sub184;0;0;0.000;5;5;2;0;2;0
185;sub185;1;0;0.000;1;3;1;0;0;0
186;sub186;1;0;0.000;1;5;1;0;0;0
187;sub187;0;0;0.000;1;2;1;0;0;0
188;sub188;1;0;0.000;4;3;1;0;0;0
189;sub189;0;0;0.000;2;3;1;0;0;0
190;sub190;1;1;0.000;1;2;1;0;0;2
191;sub191;1;0;0.000;2;5;1;0;2;0
192;sub192;0;0;0.000;2;5;1;0;0;0
193;sub193;1;0;0.000;2;3;1;0;0;0
194;sub194;0;0;0.000;1;4;1;0;0;0
195;sub195;1;0;0.000;0;1;1;0;0;0
196;sub196;0;0;0.000;3;1;1;0;0;0
197;sub197;1;1;0.000;2;5;1;0;0;0
198;sub198;0;0;0.000;3;4;1;0;0;0
199;sub199;1;1;0.000;3;3;1;0;0;0
200;sub200;0;0;0.000;4;3;1;0;0;0
201;sub201;1;0;0.500;2;2;1;0;2;0
202;sub202;1;0;2.167;1;1;3;0;0;0
203;sub203;1;0;2.917;3;2;2;0;0;0
204;sub204;1;0;0.000;4;5;1;0;2;1
205;sub205;0;0;0.000;8;5;1;0;2;0
206;sub206;1;0;3.750;5;3;2;0;0;0
207;sub207;1;1;0.000;2;4;1;0;0;0
208;sub208;0;0;0.000;3;5;1;0;0;0
209;sub209;1;1;0.000;1;5;1;0;0;0
210;sub210;1;1;0.000;3;3;1;0;0;0
211;sub211;0;0;0.500;3;3;1;0;0;0
212;sub212;1;0;0.000;3;2;1;0;0;0
213;sub213;0;0;0.000;2;2;1;0;0;0
214;sub214;0;0;0.000;1;1;1;0;0;0
215;sub215;1;1;0.000;2;4;1;0;0;0
216;sub216;1;0;0.000;5;4;1;1;0;1
217;sub217;1;0;0.000;1;4;1;0;0;0
218;sub218;1;0;0.000;0;4;2;0;0;0
219;sub219;1;1;0.000;2;4;1;0;0;0
220;sub220;0;0;0.000;2;5;1;0;0;0
221;sub221;1;0;0.000;1;3;1;0;0;0
222;sub222;1;0;0.000;2;3;2;0;0;0
223;sub223;1;0;0.000;3;4;3;0;0;1
224;sub224;0;0;0.000;6;4;3;0;0;0
225;sub225;1;1;0.000;3;3;2;0;0;0
226;sub226;1;0;4.000;2;3;1;1;0;0
227;sub227;1;0;0.000;2;5;1;0;0;0
228;sub228;0;0;0.000;2;5;1;0;0;0
229;sub229;0;1;0.000;4;2;1;0;0;0
230;sub230;0;0;1.583;2;2;1;0;2;0
231;sub231;1;1;0.000;2;5;1;0;0;0
232;sub232;0;0;0.000;0;5;1;0;2;0
233;sub233;1;1;0.000;2;4;1;0;0;2
234;sub234;1;0;2.917;1;1;1;0;0;0
235;sub235;0;0;0.000;1;2;1;0;0;0
236;sub236;1;1;0.000;0;2;1;0;0;0
237;sub237;1;0;0.000;2;1;1;0;0;0
238;sub238;0;0;0.000;2;1;1;0;0;0
239;sub239;1;0;0.000;1;3;1;0;0;0
240;sub240;0;0;0.000;1;3;1;0;0;0
241;sub241;1;0;0.000;4;4;1;0;0;0
242;sub242;0;0;0.000;3;4;1;0;0;0
243;sub243;1;0;0.000;3;3;2;0;0;1
244;sub244;0;0;3.000;3;3;2;0;0;0
245;sub245;1;0;0.000;2;5;1;0;0;0
246;sub246;1;0;0.000;3;5;3;0;0;0
247;sub247;0;0;0.000;1;5;1;0;2;0
248;sub248;0;0;5.917;3;2;1;0;0;0
249;sub249;1;0;1.000;4;4;2;0;0;0
250;sub250;1;1;5.917;2;2;1;0;0;0
251;sub251;0;0;0.000;1;2;1;0;0;0
252;sub252;1;1;0.000;6;4;2;0;2;0
253;sub253;0;0;0.000;7;4;2;0;2;0
254;sub254;1;1;0.000;5;4;1;0;0;0
255;sub255;1;0;0.000;1;5;3;0;0;1
256;sub256;0;0;0.000;2;5;3;0;2;0
257;sub257;1;1;0.000;3;4;1;0;0;1
258;sub258;1;0;0.000;3;3;2;0;0;0
259;sub259;1;1;0.000;7;5;2;0;0;2
260;sub260;1;0;0.000;1;4;1;0;0;0
261;sub261;0;0;0.333;5;1;2;0;0;0
262;sub262;1;0;0.000;1;2;1;0;0;0
263;sub263;0;0;2.000;4;2;1;0;0;0
264;sub264;1;0;0.000;1;3;1;0;0;0
265;sub265;0;0;0.000;1;2;1;0;0;1
266;sub266;1;1;0.000;2;4;1;1;0;1
267;sub267;1;0;0.000;1;3;1;0;0;0
268;sub268;1;0;0.000;2;4;1;0;0;0
269;sub269;0;0;0.000;3;4;1;0;0;0
270;sub270;1;0;0.000;4;3;2;0;0;0
271;sub271;1;0;0.000;1;4;1;0;0;0
272;sub272;0;0;0.000;2;4;1;0;0;0
273;sub273;1;0;0.000;2;4;1;0;0;0
274;sub274;0;0;0.000;2;4;1;0;0;0
275;sub275;0;0;0.000;2;3;1;0;0;0
276;sub276;1;1;0.000;1;3;1;0;0;0
277;sub277;0;0;9.500;3;3;1;0;0;0
278;sub278;1;0;0.000;4;5;2;0;0;0
279;sub279;0;0;0.000;1;4;2;0;0;0
280;sub280;1;1;0.000;2;5;1;0;0;0
281;sub281;1;1;0.000;5;3;2;0;0;2
282;sub282;0;0;2.000;4;3;2;0;2;0
283;sub283;1;0;0.000;1;2;1;0;0;0
284;sub284;0;0;0.000;2;2;1;0;0;0
285;sub285;1;0;2.000;2;3;1;0;2;0
286;sub286;0;0;0.000;4;3;1;0;0;1
287;sub287;1;0;0.167;2;4;1;0;0;0
288;sub288;1;1;7.500;1;3;1;0;0;0
289;sub289;1;1;0.000;1;4;1;0;0;0
290;sub290;1;0;0.000;2;2;1;0;0;0
291;sub291;0;0;0.000;5;2;1;0;2;0
292;sub292;1;0;0.000;3;2;1;0;0;0
293;sub293;1;1;0.083;2;3;1;1;0;0
294;sub294;1;0;0.000;2;3;1;0;0;0
295;sub295;1;0;0.000;3;5;1;0;0;0
296;sub296;1;0;0.000;0;2;1;0;0;0
297;sub297;1;1;0.000;1;5;1;1;0;1
298;sub298;0;0;0.000;3;5;1;0;0;0
299;sub299;1;1;0.000;2;3;1;0;0;0
300;sub300;0;0;0.000;1;2;1;0;0;0
301;sub301;1;0;0.000;5;4;1;0;0;0
302;sub302;1;0;0.000;4;3;2;0;0;0
303;sub303;0;0;0.000;10;3;2;0;2;1
304;sub304;1;1;0.000;3;5;1;0;0;0
305;sub305;0;0;0.000;3;5;1;0;0;1
306;sub306;1;1;0.000;2;5;1;0;0;0
307;sub307;1;0;3.000;3;2;1;0;0;2
308;sub308;0;0;1.000;8;2;1;0;0;2
309;sub309;0;0;8.417;2;1;2;0;0;0
310;sub310;1;0;0.000;2;4;1;0;0;0
311;sub311;0;0;7.500;2;5;1;0;0;0
312;sub312;1;0;0.000;9;5;2;0;0;0
313;sub313;0;0;0.000;1;5;2;0;2;0
314;sub314;1;0;0.000;2;3;1;0;0;2
315;sub315;1;0;0.000;2;5;1;0;0;1
316;sub316;1;0;0.000;5;3;3;1;0;0
317;sub317;0;0;0.000;3;3;3;0;0;1
318;sub318;1;0;0.000;3;5;1;0;0;0
319;sub319;1;1;0.000;4;4;2;0;0;0
320;sub320;0;0;0.000;6;4;2;0;0;0
321;sub321;1;0;0.000;2;5;1;0;0;0
322;sub322;0;0;0.000;2;5;1;0;0;0
323;sub323;0;0;2.000;3;3;1;0;0;0
324;sub324;0;0;0.000;3;4;1;0;0;0
325;sub325;1;1;0.000;3;5;1;0;2;0
326;sub326;0;0;0.000;3;5;1;0;0;0
327;sub327;0;0;0.000;3;5;1;0;0;0
328;sub328;1;0;0.000;3;5;1;0;0;0
329;sub329;1;1;0.000;3;5;1;0;0;0
330;sub330;0;0;0.000;2;5;1;1;0;0
331;sub331;1;0;3.583;3;3;3;0;0;0
332;sub332;1;1;0.000;3;2;2;0;0;0
333;sub333;1;1;0.000;0;3;1;0;2;0
334;sub334;1;0;0.167;3;2;2;0;0;0
335;sub335;1;0;0.000;3;5;2;0;0;0
336;sub336;1;0;0.000;2;5;1;0;0;0
337;sub337;0;0;0.000;2;5;1;0;0;0
338;sub338;0;0;0.000;1;5;1;0;0;0
339;sub339;1;1;0.000;2;2;1;0;0;0
340;sub340;0;0;0.000;5;4;2;0;2;0
341;sub341;1;0;0.833;5;3;1;0;0;0
342;sub342;1;1;0.000;0;2;2;0;0;0
343;sub343;0;0;0.167;3;2;2;0;0;0
344;sub344;1;1;0.000;2;3;1;0;0;0
345;sub345;1;0;0.000;4;3;2;0;0;0
346;sub346;1;1;0.083;5;2;3;0;0;0
347;sub347;0;0;0.000;4;2;3;0;0;0
348;sub348;0;0;1.667;3;2;3;0;0;0
349;sub349;1;0;0.000;0;3;2;0;0;0
350;sub350;1;0;0.000;0;4;2;0;2;1
351;sub351;1;0;0.000;2;2;1;0;0;0
352;sub352;0;0;11.583;2;2;1;0;0;0
353;sub353;1;1;0.000;2;3;1;0;0;0
354;sub354;1;0;0.000;2;4;2;0;0;0
355;sub355;0;0;0.000;3;3;2;0;0;0
356;sub356;0;0;0.000;2;5;1;0;0;1
357;sub357;1;0;0.000;0;4;1;0;0;0
358;sub358;0;0;0.000;3;1;1;0;0;0
359;sub359;1;0;0.333;3;2;3;0;0;1
360;sub360;1;1;0.000;2;2;1;0;0;0
361;sub361;0;0;0.500;4;2;1;0;0;0
362;sub362;0;0;0.000;1;2;1;0;0;0
363;sub363;1;0;1.000;3;4;1;0;0;0
364;sub364;1;0;0.167;4;2;3;0;0;0
365;sub365;0;0;0.833;2;2;3;0;2;1
366;sub366;1;1;0.000;2;3;1;0;0;0
367;sub367;0;0;3.167;3;3;1;0;0;0
368;sub368;0;0;8.500;5;3;1;0;0;0
369;sub369;1;0;0.000;0;1;2;0;0;0
370;sub370;1;0;0.000;1;3;1;0;0;0
371;sub371;0;0;0.000;2;3;1;0;0;0
372;sub372;1;0;0.000;3;4;3;0;0;0
373;sub373;0;0;0.000;1;5;3;0;0;0
374;sub374;0;0;0.000;4;3;2;0;0;0
375;sub375;0;0;0.000;5;2;1;0;0;0
376;sub376;1;1;0.000;0;3;1;1;0;2
377;sub377;1;0;0.000;8;4;1;0;0;0
378;sub378;0;0;0.000;5;4;1;0;0;0
379;sub379;0;0;0.000;2;4;1;0;0;0
380;sub380;0;0;2.583;5;2;2;0;0;0
381;sub381;1;0;0.000;9;4;3;0;0;0
382;sub382;0;0;0.000;3;4;3;0;0;0
383;sub383;1;1;0.000;1;4;1;0;0;0
384;sub384;1;0;0.000;3;4;1;0;2;0
385;sub385;1;1;0.000;2;2;1;0;0;0
386;sub386;1;0;0.000;0;4;1;0;0;0
387;sub387;0;0;0.000;3;4;1;0;0;0
388;sub388;0;0;0.000;3;4;1;0;0;0
389;sub389;1;0;0.000;4;4;1;0;0;0
390;sub390;1;0;0.000;2;5;1;0;0;0
391;sub391;1;0;0.000;3;4;1;0;0;0
392;sub392;0;0;0.000;4;4;1;0;0;0
393;sub393;0;0;0.000;2;3;1;0;0;0
394;sub394;0;0;0.000;4;3;1;0;2;0
395;sub395;1;0;0.000;4;5;1;0;0;0
396;sub396;0;0;0.000;4;5;2;0;0;0
397;sub397;0;0;0.000;2;4;1;0;0;0
398;sub398;1;1;2.000;3;2;1;0;0;1
399;sub399;0;0;11.417;3;2;1;0;2;0
400;sub400;0;0;4.000;2;2;1;0;0;0
401;sub401;0;0;0.000;3;2;1;0;0;0
402;sub402;1;0;2.000;2;1;3;0;0;0
403;sub403;0;0;0.167;3;1;3;0;0;0
404;sub404;0;0;12.500;3;2;3;0;0;0
405;sub405;1;1;0.000;3;5;1;0;0;0
406;sub406;0;0;0.000;3;5;1;0;0;0
407;sub407;1;0;0.000;1;5;2;0;0;2
408;sub408;0;0;0.000;2;5;2;0;0;0
409;sub409;0;0;0.000;2;5;2;0;0;0
410;sub410;1;0;0.000;4;3;2;0;0;0
411;sub411;0;0;0.000;5;3;2;0;2;0
412;sub412;1;1;0.000;3;4;1;0;2;0
413;sub413;1;1;0.833;6;3;2;1;0;2
414;sub414;0;0;0.417;2;3;2;0;0;0
415;sub415;0;0;0.000;1;4;1;0;0;0
416;sub416;1;0;0.000;3;4;1;0;0;0
417;sub417;1;1;16.667;3;4;1;0;0;1
418;sub418;0;0;0.000;1;4;1;0;0;0
419;sub419;0;0;0.000;4;4;1;0;0;0
420;sub420;1;0;3.000;3;2;1;0;0;0
421;sub421;0;0;0.000;1;2;1;0;0;0
422;sub422;0;0;0.000;4;2;1;0;0;0
423;sub423;1;1;0.000;1;2;1;0;0;0
424;sub424;1;0;0.000;3;4;1;0;0;0
425;sub425;0;0;1.000;3;4;1;0;0;0
426;sub426;0;0;0.000;2;4;1;0;0;1
427;sub427;1;0;0.000;3;4;1;0;2;0
428;sub428;0;0;0.000;2;4;1;0;0;0
429;sub429;0;0;0.000;4;4;2;0;0;0
430;sub430;1;1;0.000;4;5;1;0;0;0
431;sub431;0;0;0.000;1;5;1;0;0;0
432;sub432;1;0;5.000;1;3;1;1;0;0
433;sub433;1;1;0.000;3;3;1;0;0;1
434;sub434;0;0;0.000;2;3;1;0;0;0
435;sub435;1;1;1.000;1;2;1;0;0;1
436;sub436;1;0;0.000;1;2;1;0;0;0
437;sub437;0;0;0.000;1;2;1;0;0;0
438;sub438;1;0;0.000;2;5;1;0;0;0
439;sub439;0;0;0.000;0;5;1;0;0;0
440;sub440;1;0;0.000;1;2;1;0;0;0
441;sub441;0;0;0.000;0;2;1;0;0;0
442;sub442;0;0;0.000;2;2;1;0;0;0
443;sub443;0;0;0.000;3;3;1;0;0;0
444;sub444;1;0;0.000;9;4;2;0;0;0
445;sub445;0;0;0.000;4;4;2;0;0;0
446;sub446;1;1;0.000;6;5;1;0;0;0
447;sub447;0;0;0.000;4;1;1;0;0;0
448;sub448;0;0;0.000;3;4;1;0;0;0
449;sub449;1;0;0.167;3;2;2;1;2;1
450;sub450;0;0;0.000;10;2;2;0;0;0
451;sub451;0;0;0.000;2;2;2;0;0;0
452;sub452;0;0;0.000;9;5;2;0;0;0
453;sub453;1;1;0.000;2;5;1;0;0;1
454;sub454;0;1;0.000;0;5;1;0;0;0
455;sub455;1;0;0.000;4;5;1;0;2;0
456;sub456;0;0;0.000;2;5;1;0;2;0
457;sub457;1;0;0.000;5;4;1;0;0;0
458;sub458;0;0;0.000;2;4;1;0;0;0
459;sub459;1;0;0.000;3;3;1;0;0;0
460;sub460;0;1;1.000;3;3;1;0;0;0
461;sub461;1;0;0.000;2;5;1;0;0;1
462;sub462;0;0;3.333;0;1;2;0;0;0
463;sub463;1;0;0.000;4;2;2;0;0;2
464;sub464;0;0;0.000;5;2;2;0;0;0
465;sub465;0;0;0.000;0;3;2;0;0;0
466;sub466;1;1;0.000;3;3;2;0;0;2
467;sub467;0;0;0.000;5;3;2;0;0;0
468;sub468;1;0;0.000;2;4;1;0;0;0
469;sub469;0;0;6.333;4;3;3;0;0;0
470;sub470;1;0;0.000;0;5;1;0;0;0
471;sub471;0;0;0.000;3;5;2;0;0;1
472;sub472;0;0;0.000;2;3;1;0;2;0
473;sub473;1;0;0.000;3;5;1;0;0;0
474;sub474;0;0;0.000;4;5;1;0;0;0
475;sub475;0;0;0.000;1;2;1;0;0;0
476;sub476;1;0;0.000;3;3;1;0;2;0
477;sub477;0;0;0.000;1;3;1;0;0;0
478;sub478;0;0;0.000;3;3;1;0;0;2
479;sub479;0;0;0.000;3;4;1;0;2;0
480;sub480;0;0;0.000;1;4;1;0;0;0
481;sub481;0;0;1.083;1;1;1;0;0;0
482;sub482;1;1;0.000;3;4;1;0;0;0
483;sub483;0;0;0.000;1;4;1;0;0;0
484;sub484;0;0;0.000;5;4;3;0;0;0
485;sub485;1;0;0.000;0;5;1;0;0;0
486;sub486;0;0;0.000;1;5;1;0;0;1
487;sub487;1;1;0.000;1;3;1;0;0;0
488;sub488;0;0;0.000;1;3;1;0;0;0
489;sub489;0;0;0.000;2;3;1;0;0;0
490;sub490;1;0;0.000;7;2;2;0;0;0
491;sub491;1;0;0.000;5;3;3;0;0;0
492;sub492;0;0;0.000;3;4;3;0;0;0
493;sub493;1;0;0.000;3;5;2;0;0;0
494;sub494;0;0;0.000;2;4;2;0;0;0
495;sub495;1;0;0.000;1;3;1;0;0;2
496;sub496;0;0;8.000;2;3;1;0;0;0
497;sub497;0;0;3.250;4;2;3;0;0;0
498;sub498;1;1;0.333;3;3;1;0;0;0
499;sub499;0;0;3.750;2;3;1;0;0;0
500;sub500;1;0;0.000;1;2;1;0;0;2
501;sub501;0;0;0.000;2;3;1;0;2;0
502;sub502;0;0;5.833;0;3;1;0;0;0
503;sub503;0;0;2.917;6;1;2;0;0;0
504;sub504;0;0;0.000;2;1;2;0;0;0
505;sub505;1;1;0.000;1;3;1;0;0;0
506;sub506;0;0;0.000;1;3;1;0;2;0
507;sub507;1;0;0.000;3;4;2;0;0;1
508;sub508;0;0;0.000;6;4;2;0;2;0
509;sub509;0;0;4.500;4;4;2;0;0;0
510;sub510;1;0;0.000;1;3;2;0;0;0
511;sub511;0;0;0.000;8;3;2;0;0;0
512;sub512;1;0;0.000;2;5;1;0;0;0
513;sub513;1;0;0.000;1;4;1;0;0;0
514;sub514;0;0;0.000;1;4;1;0;0;0
515;sub515;0;0;0.000;10;5;1;0;0;0
516;sub516;0;0;0.000;3;3;3;0;0;0
517;sub517;1;0;0.000;9;4;2;0;0;0
518;sub518;0;0;0.000;10;4;2;0;0;0
519;sub519;0;0;0.000;10;4;2;0;0;0
520;sub520;1;1;4.917;0;3;1;0;2;0
521;sub521;0;0;0.000;5;3;1;0;2;1
522;sub522;0;0;0.000;4;3;1;0;0;1
523;sub523;1;0;0.000;6;5;2;0;2;0
524;sub524;0;0;0.000;4;3;1;0;0;0
525;sub525;1;1;2.000;2;2;3;0;0;0
526;sub526;0;0;14.667;3;2;3;0;0;0
527;sub527;1;0;0.000;4;4;2;0;0;0
528;sub528;0;0;0.000;5;4;2;0;0;0
529;sub529;1;0;0.000;2;4;2;0;0;0
530;sub530;0;0;0.000;2;4;1;0;2;2
531;sub531;1;1;0.000;1;2;1;0;0;0
532;sub532;0;0;0.000;1;2;1;0;0;0
533;sub533;0;0;4.000;3;2;2;0;2;0
534;sub534;0;0;1.500;2;4;2;0;0;0
535;sub535;1;0;0.000;0;5;1;0;0;0
536;sub536;0;0;0.000;4;5;1;0;0;1
537;sub537;0;0;0.000;5;4;2;0;0;0
538;sub538;1;0;0.000;4;4;1;0;0;0
539;sub539;1;0;0.000;2;5;1;0;0;0
540;sub540;0;0;0.000;2;5;1;0;0;0
541;sub541;0;1;0.000;4;5;1;0;0;0
542;sub542;1;0;0.000;5;4;2;0;0;0
543;sub543;0;0;0.000;3;4;2;0;0;1
544;sub544;1;1;0.000;1;3;1;1;0;0
545;sub545;0;0;0.000;1;3;1;0;0;0
546;sub546;1;1;0.250;3;3;1;0;0;0
547;sub547;0;0;1.000;2;3;1;0;0;0
548;sub548;1;0;0.000;1;2;1;0;0;0
549;sub549;0;0;0.000;2;2;1;0;0;0
550;sub550;1;0;0.250;4;3;3;0;0;1
551;sub551;0;0;0.000;4;3;3;0;0;0
552;sub552;0;0;0.000;1;4;1;0;0;0
553;sub553;1;0;0.000;3;5;2;0;0;0
554;sub554;0;0;0.000;2;5;2;0;0;0
555;sub555;1;1;0.000;3;4;1;0;0;0
556;sub556;0;0;0.000;2;4;1;0;0;1
557;sub557;1;0;0.000;1;1;1;0;0;0
558;sub558;0;0;0.000;2;1;1;0;0;0
559;sub559;1;0;0.000;0;5;1;0;0;0
560;sub560;0;0;0.000;3;5;1;0;0;0
561;sub561;1;1;7.000;0;3;1;0;0;0
562;sub562;0;0;5.000;3;3;1;0;0;1
563;sub563;0;0;0.000;4;3;1;0;0;0
564;sub564;1;0;0.000;1;5;1;1;0;0
565;sub565;1;0;0.000;6;4;2;0;0;0
566;sub566;0;0;0.000;5;4;2;0;0;0
567;sub567;1;1;2.000;3;3;1;1;0;0
568;sub568;0;0;0.000;3;3;2;0;0;0
569;sub569;1;0;0.000;2;4;1;0;0;0
570;sub570;0;0;0.000;2;4;1;0;0;0
571;sub571;0;0;0.000;2;4;1;0;0;0
572;sub572;0;0;0.000;1;4;1;0;0;0
573;sub573;1;0;0.000;2;5;1;0;0;0
574;sub574;0;0;0.000;2;5;1;0;0;0
575;sub575;1;0;0.000;2;5;1;0;0;0
576;sub576;0;0;0.000;0;5;1;0;0;0
577;sub577;1;0;0.000;2;3;1;0;0;0
578;sub578;0;0;0.000;8;3;1;0;0;0
579;sub579;1;0;0.000;1;5;1;0;0;0
580;sub580;0;0;0.000;4;4;1;0;0;0
581;sub581;1;0;0.000;2;5;1;0;0;0
582;sub582;0;0;0.000;4;5;1;1;2;1
583;sub583;0;0;0.000;2;2;2;0;2;0
584;sub584;0;0;0.000;3;5;3;0;0;1
585;sub585;1;1;0.000;3;3;1;0;0;0
586;sub586;1;0;0.000;3;4;1;0;0;0
587;sub587;0;0;0.000;3;4;1;0;0;0
588;sub588;1;0;0.417;3;3;1;0;0;0
589;sub589;0;0;0.000;3;3;1;0;0;0
590;sub590;1;0;0.000;4;4;2;0;0;2
591;sub591;0;0;0.000;3;4;2;0;0;0
592;sub592;1;0;0.000;2;5;1;0;0;0
593;sub593;0;0;0.000;1;5;1;0;0;0
594;sub594;1;0;0.000;1;4;1;0;2;0
595;sub595;0;0;0.000;3;4;1;0;0;0
596;sub596;0;0;0.000;0;4;1;0;0;0
597;sub597;1;0;0.000;3;4;1;0;0;0
598;sub598;1;0;0.000;2;4;1;0;0;0
599;sub599;0;0;0.000;1;4;1;0;0;0
600;sub600;1;1;0.000;4;5;1;0;0;0
601;sub601;0;0;0.000;2;5;1;0;0;0
602;sub602;0;0;0.000;1;5;1;0;0;0
603;sub603;0;0;0.000;2;5;1;0;2;0
604;sub604;1;1;0.000;0;3;1;0;0;0
605;sub605;0;0;3.750;2;3;1;0;0;0
606;sub606;1;0;0.000;0;4;1;0;0;0
607;sub607;1;0;0.000;2;4;1;0;0;0
608;sub608;0;0;0.000;2;4;1;0;0;0
609;sub609;1;0;0.667;3;3;2;0;0;0
610;sub610;0;0;0.000;7;3;2;0;0;0
611;sub611;0;0;0.000;2;3;2;0;0;0
612;sub612;1;1;0.000;1;4;1;0;0;0
613;sub613;0;0;0.000;0;4;1;0;0;0
614;sub614;0;0;0.000;2;3;1;0;0;0
615;sub615;1;0;0.000;2;4;2;0;0;0
616;sub616;0;0;0.000;0;4;2;0;0;0
617;sub617;0;0;0.000;2;2;1;0;0;0
618;sub618;0;0;0.500;3;1;3;0;0;1
619;sub619;1;0;0.000;0;5;1;0;2;0
620;sub620;0;0;0.000;0;5;1;0;0;0
621;sub621;1;0;0.000;10;5;2;0;0;0
622;sub622;0;0;0.000;6;5;2;0;2;0
623;sub623;1;1;0.000;2;4;1;0;0;0
624;sub624;0;0;0.000;3;4;1;0;2;1
625;sub625;1;0;0.000;1;5;1;0;0;0
626;sub626;0;0;0.000;2;5;1;0;0;0
627;sub627;1;1;0.000;2;4;1;0;0;0
628;sub628;0;0;0.000;1;4;1;0;2;0
629;sub629;0;0;0.000;2;4;1;0;2;0
630;sub630;1;0;0.000;4;4;1;0;0;0
631;sub631;0;0;0.000;2;4;1;0;0;0
632;sub632;1;0;9.750;3;3;1;0;0;0
633;sub633;0;0;3.750;3;3;1;0;2;0
634;sub634;0;0;0.000;2;4;1;0;0;0
635;sub635;0;0;0.000;0;1;1;0;0;0
636;sub636;1;1;0.000;2;4;1;0;0;0
637;sub637;0;0;0.000;2;5;1;0;0;0
638;sub638;1;0;0.000;3;3;2;0;0;2
639;sub639;0;0;0.000;2;3;2;0;0;1
640;sub640;1;0;0.000;4;5;2;0;0;0
641;sub641;0;0;0.000;10;5;2;1;0;0
642;sub642;1;0;0.000;2;2;1;0;0;0
643;sub643;0;0;0.000;3;2;1;0;0;1
644;sub644;1;0;0.000;4;4;1;0;0;0
645;sub645;0;0;0.000;4;4;1;0;0;0
646;sub646;0;0;0.083;1;1;2;0;0;0
647;sub647;0;0;8.583;0;1;2;0;0;0
648;sub648;0;0;1.500;3;3;1;0;0;0
649;sub649;0;0;3.917;4;3;1;0;2;0
650;sub650;0;0;0.000;2;1;1;0;0;0
651;sub651;0;0;0.000;2;1;1;0;0;0
652;sub652;1;0;0.000;1;5;1;0;0;0
653;sub653;0;0;0.000;1;5;1;0;0;0
654;sub654;0;0;0.000;2;1;1;0;0;0
655;sub655;1;0;0.000;2;4;1;0;0;0
656;sub656;0;0;0.000;1;4;1;1;2;0
657;sub657;0;0;0.000;6;5;2;0;0;0
658;sub658;1;0;0.000;1;4;1;0;0;0
659;sub659;0;0;0.000;3;4;1;0;0;0
660;sub660;1;1;0.000;2;3;1;1;0;0
661;sub661;0;1;0.000;3;3;1;1;0;0
662;sub662;0;0;0.000;1;2;1;0;0;0
663;sub663;1;0;0.000;1;3;1;0;0;0
664;sub664;0;0;0.000;0;3;1;0;0;1
665;sub665;1;0;0.000;2;4;1;0;0;0
666;sub666;0;0;1.000;3;4;1;0;0;0
667;sub667;1;0;0.000;4;4;2;0;0;0
668;sub668;0;0;0.000;9;4;2;0;0;0
669;sub669;0;0;0.000;3;2;2;0;0;0
670;sub670;0;0;0.000;5;2;2;0;0;0
671;sub671;1;0;2.917;3;2;1;0;0;0
672;sub672;0;0;7.500;3;2;1;0;0;0
673;sub673;1;0;0.000;1;3;3;0;0;0
674;sub674;0;0;2.750;3;3;3;0;0;2
675;sub675;0;0;7.833;4;3;3;0;2;0
676;sub676;1;0;0.000;3;3;1;0;0;0
677;sub677;0;0;0.000;2;3;1;0;0;0
678;sub678;1;1;4.000;2;2;1;0;0;2
679;sub679;0;0;0.000;1;2;1;0;0;0
680;sub680;1;0;7.500;2;3;1;0;0;0
681;sub681;0;0;0.833;2;3;1;0;0;0
682;sub682;1;0;0.167;6;4;2;0;0;0
683;sub683;0;0;0.000;2;4;2;0;0;0
684;sub684;1;1;0.000;1;4;1;0;0;0
685;sub685;0;0;0.000;2;4;1;0;0;0
686;sub686;1;1;0.000;2;3;1;0;0;0
687;sub687;0;0;0.000;2;3;1;0;0;0
688;sub688;1;0;2.000;3;2;1;0;0;0
689;sub689;0;0;3.000;3;2;1;0;0;0
690;sub690;0;0;0.000;2;1;1;0;0;0
691;sub691;1;0;0.000;2;2;2;0;0;0
692;sub692;1;0;0.000;2;4;1;0;0;1
693;sub693;0;0;0.000;2;4;1;0;0;0
694;sub694;0;0;0.000;4;3;1;0;0;0
695;sub695;1;0;0.833;4;4;3;0;0;2
696;sub696;0;0;2.917;3;4;3;0;2;0
697;sub697;1;0;10.833;0;2;1;0;0;0
698;sub698;0;0;1.667;1;3;1;0;0;0
699;sub699;1;0;0.000;3;3;2;0;0;0
700;sub700;0;0;0.000;6;3;2;0;0;0
701;sub701;0;0;0.000;2;5;1;0;0;0
702;sub702;0;0;0.000;3;2;1;0;0;0
703;sub703;1;1;0.000;0;3;2;0;0;2
704;sub704;0;0;0.000;3;3;2;0;0;0
705;sub705;1;1;2.000;3;2;1;0;0;0
706;sub706;0;0;0.417;3;2;1;0;0;0
707;sub707;0;0;0.000;2;5;1;0;0;0
708;sub708;0;1;6.500;5;1;3;0;0;1
709;sub709;1;0;0.000;1;2;1;0;0;1
710;sub710;0;0;0.000;1;2;1;0;0;0
711;sub711;1;0;0.000;8;4;1;0;0;0
712;sub712;0;0;0.000;2;5;1;0;0;0
713;sub713;0;0;0.000;2;5;1;0;0;0
714;sub714;0;0;8.083;2;1;1;0;0;0
715;sub715;0;0;0.000;5;1;2;0;0;0
716;sub716;1;0;0.000;2;4;1;0;0;1
717;sub717;1;1;0.000;0;1;1;0;0;1
718;sub718;1;1;0.000;3;3;3;0;2;1
719;sub719;0;0;0.000;4;3;3;0;0;1
720;sub720;1;1;6.667;3;3;1;0;0;0
721;sub721;0;0;0.000;4;3;1;0;0;0
722;sub722;1;0;0.000;6;4;1;0;0;0
723;sub723;0;0;0.000;6;5;1;0;0;2
724;sub724;1;0;5.000;3;3;1;0;2;0
725;sub725;0;0;0.250;2;4;1;0;0;1
726;sub726;1;0;0.000;4;2;3;0;2;0
727;sub727;0;0;9.000;4;2;3;0;0;0
728;sub728;1;0;0.000;2;3;2;0;0;0
729;sub729;0;0;0.000;3;3;2;0;0;0
730;sub730;1;0;0.000;6;4;2;0;0;2
731;sub731;0;0;0.167;3;4;2;0;0;1
732;sub732;1;0;7.000;0;1;3;0;0;0
733;sub733;0;0;0.000;1;1;3;0;0;0
734;sub734;1;0;0.000;3;5;3;0;0;0
735;sub735;0;0;0.000;3;5;3;0;0;0
736;sub736;1;0;0.000;6;5;2;0;0;2
737;sub737;0;0;0.000;2;5;2;0;0;0
738;sub738;1;0;0.000;3;4;1;0;0;0
739;sub739;1;0;0.000;6;4;2;0;0;0
740;sub740;1;0;0.000;3;4;1;0;0;0
741;sub741;0;0;0.000;1;4;1;0;0;0
742;sub742;1;1;2.500;3;3;1;1;0;0
743;sub743;1;0;0.000;2;2;1;0;0;0
744;sub744;1;1;2.000;2;3;1;0;0;1
745;sub745;1;0;0.000;2;2;1;0;0;0
746;sub746;0;0;0.000;4;2;1;0;0;0
747;sub747;1;1;0.000;3;3;1;0;0;2
748;sub748;0;0;0.833;8;3;1;0;2;0
749;sub749;1;0;0.000;5;5;2;0;0;0
750;sub750;1;0;0.000;4;5;1;0;0;0
751;sub751;0;0;0.000;3;5;1;0;0;0
752;sub752;0;0;0.000;2;5;1;0;0;0
753;sub753;1;0;0.000;1;4;1;0;2;0
754;sub754;0;0;0.000;1;4;1;0;0;0
755;sub755;1;1;1.000;3;3;1;0;0;0
756;sub756;0;0;1.000;3;3;3;0;0;0
757;sub757;1;1;0.000;2;2;1;0;0;0
758;sub758;0;0;0.000;3;2;1;0;0;0
759;sub759;1;0;0.000;3;3;2;0;0;0
760;sub760;0;0;0.500;7;3;2;0;2;0
761;sub761;1;0;9.167;2;1;1;0;0;0
762;sub762;0;0;0.000;4;1;1;0;0;0
763;sub763;1;1;0.000;2;2;3;1;0;1
764;sub764;0;0;0.000;4;3;1;0;0;0
765;sub765;1;0;0.000;2;4;2;0;0;0
766;sub766;0;0;0.000;3;4;2;0;0;0
767;sub767;1;0;0.000;2;3;1;0;0;0
768;sub768;1;0;0.833;2;2;2;0;0;0
769;sub769;0;0;0.000;2;2;2;0;0;0
770;sub770;0;0;0.000;6;4;2;0;2;0
771;sub771;1;1;3.000;2;2;3;1;0;0
772;sub772;1;1;2.000;3;2;3;0;0;0
773;sub773;1;0;0.000;3;3;2;0;0;0
774;sub774;0;0;0.000;3;3;2;0;0;0
775;sub775;1;0;0.000;1;5;1;0;0;0
776;sub776;0;0;0.000;1;5;1;0;0;2
777;sub777;1;0;0.000;2;5;1;0;0;0
778;sub778;0;0;0.000;1;5;1;0;2;0
779;sub779;1;0;0.000;2;5;2;0;0;1
780;sub780;0;0;0.000;2;5;2;0;0;0
781;sub781;1;0;0.000;3;4;2;0;0;0
782;sub782;1;1;0.000;2;4;1;0;0;0
783;sub783;0;0;0.000;2;4;1;0;0;0
784;sub784;0;0;0.000;0;5;2;0;0;0
785;sub785;1;0;0.000;1;4;1;1;0;1
786;sub786;0;0;0.000;3;4;1;0;0;0
787;sub787;1;1;8.000;3;4;1;1;0;0
788;sub788;0;0;4.000;3;4;1;1;0;0
789;sub789;0;0;0.000;1;4;2;0;0;0
790;sub790;0;0;0.000;4;4;2;0;2;0
791;sub791;1;1;0.000;1;5;1;1;0;0
792;sub792;0;0;0.000;1;5;1;0;0;0
793;sub793;1;0;0.000;10;4;2;0;2;0
794;sub794;0;0;0.000;2;5;1;0;0;0
795;sub795;0;0;0.000;2;3;1;0;0;0
796;sub796;1;0;0.000;5;3;2;0;0;0
797;sub797;1;0;0.000;2;5;1;0;2;0
798;sub798;0;0;0.000;3;5;1;0;2;0
799;sub799;1;0;0.000;2;5;1;0;0;0
800;sub800;0;0;0.000;2;5;1;0;2;0
801;sub801;1;0;0.000;0;2;1;0;0;0
802;sub802;1;1;0.000;3;2;1;0;0;0
803;sub803;1;0;0.000;2;5;1;0;0;0
804;sub804;1;1;0.000;2;3;1;0;0;0
805;sub805;0;0;0.000;3;3;1;0;0;1
806;sub806;1;0;0.000;4;3;2;0;2;0
807;sub807;0;0;0.000;3;5;3;1;0;1
808;sub808;1;0;0.000;4;5;1;0;0;1
809;sub809;0;0;0.000;3;5;1;0;0;0
810;sub810;1;1;0.000;2;3;1;0;0;0
811;sub811;0;0;0.000;3;3;1;0;0;0
812;sub812;1;1;0.417;4;3;1;0;2;2
813;sub813;1;0;0.000;2;2;2;0;0;0
814;sub814;0;0;0.000;4;2;2;0;0;0
815;sub815;0;0;0.000;2;5;1;1;0;0
816;sub816;1;0;0.000;4;3;2;0;0;0
817;sub817;1;0;0.000;1;5;1;0;0;0
818;sub818;1;0;0.000;4;4;2;0;0;0
819;sub819;0;0;0.000;4;4;2;0;0;0
820;sub820;0;0;0.000;6;5;2;0;0;0
821;sub821;0;0;0.000;2;3;1;0;0;0
822;sub822;0;0;0.000;2;5;1;0;0;0
823;sub823;0;1;0.000;1;5;1;0;0;0
824;sub824;0;0;0.000;3;4;2;0;0;0
825;sub825;1;0;0.000;2;4;1;0;0;0
826;sub826;1;1;0.000;1;4;1;1;0;0
827;sub827;0;0;0.000;0;5;1;0;0;0
828;sub828;0;0;0.000;6;5;2;0;0;0
829;sub829;1;0;0.000;1;4;1;0;0;0
830;sub830;0;0;0.000;1;4;1;0;2;0
831;sub831;1;0;0.000;5;5;2;1;0;0
832;sub832;1;1;0.000;4;2;2;0;0;1
833;sub833;0;0;1.500;3;4;1;0;0;0
834;sub834;1;0;0.000;4;5;1;0;0;0
835;sub835;0;0;0.000;3;5;1;0;0;1
836;sub836;1;0;0.000;3;5;1;0;0;0
837;sub837;1;0;0.000;2;5;1;0;0;0
838;sub838;0;0;0.000;1;5;1;0;2;0
839;sub839;0;0;0.000;4;4;2;0;0;1
840;sub840;1;0;0.000;5;3;2;0;0;0
841;sub841;0;0;17.250;4;3;2;0;0;0
842;sub842;1;1;17.500;4;3;1;0;0;0
843;sub843;0;0;2.917;3;3;1;0;2;0
844;sub844;1;0;0.000;2;3;2;0;0;0
845;sub845;1;0;0.000;2;2;1;0;0;0
846;sub846;1;0;20.667;4;4;2;0;0;0
847;sub847;0;0;0.000;9;4;2;0;0;0
848;sub848;1;0;0.000;10;5;2;0;0;0
849;sub849;0;0;0.000;8;5;2;0;0;0
850;sub850;0;0;0.000;1;5;1;0;0;0
851;sub851;1;0;0.000;2;5;1;0;0;0
852;sub852;0;0;0.000;0;5;1;0;0;0
853;sub853;1;0;0.000;2;4;1;0;0;0
854;sub854;1;0;0.000;0;5;1;0;0;1
855;sub855;1;0;0.000;2;4;1;0;0;0
856;sub856;0;0;0.000;1;4;1;0;2;0
857;sub857;1;0;0.000;5;3;2;0;0;0
858;sub858;1;0;0.000;5;4;2;0;2;0
859;sub859;1;0;0.000;1;2;1;0;0;0
860;sub860;0;0;18.000;0;3;1;0;0;0
861;sub861;0;0;5.000;2;2;1;0;0;0
862;sub862;0;0;0.000;2;4;1;0;2;0
863;sub863;0;0;0.000;1;4;1;0;2;0
864;sub864;0;0;0.000;0;5;1;0;0;0
865;sub865;1;1;0.000;1;2;1;1;2;0
866;sub866;1;0;0.000;3;3;1;0;0;0
867;sub867;1;1;0.000;2;3;1;0;0;0
868;sub868;0;0;0.000;2;3;1;0;0;0
869;sub869;1;0;0.500;3;2;1;0;0;0
870;sub870;0;0;0.000;2;3;1;0;0;0
871;sub871;0;0;0.000;5;5;2;0;0;0
872;sub872;1;1;0.000;3;3;1;0;0;1
873;sub873;0;0;9.083;2;3;1;0;0;0
874;sub874;1;0;0.000;3;5;1;0;2;0
875;sub875;1;0;0.000;5;5;3;0;0;0
876;sub876;0;0;0.000;4;5;3;0;2;0
877;sub877;1;0;0.000;2;5;1;0;0;0
878;sub878;0;0;0.000;2;4;1;0;0;0
879;sub879;1;0;0.000;3;5;2;0;0;0
880;sub880;1;0;1.000;2;3;1;0;0;0
881;sub881;1;0;0.000;2;4;1;0;0;0
882;sub882;1;0;0.000;3;5;3;0;0;2
883;sub883;1;0;0.000;5;4;2;0;0;0
884;sub884;1;1;0.000;3;4;1;0;0;0
885;sub885;0;0;8.917;4;2;2;0;0;0
886;sub886;1;0;0.000;1;5;2;0;0;0
887;sub887;1;0;0.000;4;5;1;0;0;0
888;sub888;0;0;0.833;1;5;1;0;0;0
889;sub889;1;0;0.000;3;3;1;0;0;0
890;sub890;1;0;0.000;4;4;1;0;0;0
891;sub891;1;0;0.000;5;5;2;0;0;0
892;sub892;1;0;0.000;0;2;1;0;0;2
893;sub893;1;1;0.000;3;4;1;0;0;0
894;sub894;1;0;0.000;4;2;2;0;0;0
895;sub895;1;1;0.417;4;3;1;0;0;0
896;sub896;1;0;0.000;3;1;1;0;0;0
897;sub897;0;0;0.000;3;5;1;0;0;0
898;sub898;1;0;0.000;1;4;1;0;0;0
899;sub899;1;0;0.000;2;4;1;0;0;0
900;sub900;0;0;0.000;3;2;1;0;0;0
901;sub901;0;0;0.000;3;2;3;0;0;0
902;sub902;0;0;0.000;10;2;2;0;0;0
903;sub903;0;0;1.000;2;1;2;0;0;0
904;sub904;1;0;0.000;2;5;1;0;0;0
905;sub905;0;0;0.000;4;5;1;0;0;0
906;sub906;1;0;6.000;2;3;1;0;0;0
907;sub907;0;0;0.167;3;3;1;0;2;1
908;sub908;1;0;0.000;1;2;1;0;2;0
909;sub909;0;0;0.000;2;2;1;0;0;0
910;sub910;1;0;0.000;2;5;1;0;0;0
911;sub911;1;0;0.250;4;3;2;0;0;0
912;sub912;0;0;0.000;5;3;2;0;0;0
913;sub913;1;0;1.000;2;3;2;0;0;0
914;sub914;1;0;0.667;2;4;1;0;0;0
915;sub915;1;1;0.000;3;2;1;0;0;0
916;sub916;0;0;0.000;2;2;1;0;0;0
917;sub917;1;0;0.000;0;2;2;0;0;0
918;sub918;0;0;0.500;3;1;2;0;0;0
919;sub919;1;0;0.000;2;3;1;0;0;0
920;sub920;1;0;0.000;0;2;1;0;0;0
921;sub921;0;0;0.000;2;2;1;0;0;0
922;sub922;1;0;0.000;2;4;1;0;0;0
923;sub923;1;1;0.000;2;4;1;0;2;0
924;sub924;1;0;0.000;0;5;1;0;0;0
925;sub925;1;0;0.000;5;4;1;0;0;0
926;sub926;0;0;0.000;2;4;1;0;0;0
927;sub927;1;0;0.000;0;5;1;0;0;0
928;sub928;0;0;0.000;2;5;1;0;0;0
929;sub929;1;0;0.000;3;3;1;0;0;0
930;sub930;1;0;0.000;3;4;3;0;2;0
931;sub931;0;0;2.000;3;4;3;0;2;0
932;sub932;1;0;0.000;0;5;1;0;0;2
933;sub933;1;0;0.000;6;4;1;0;0;0
934;sub934;1;0;0.000;0;1;2;0;0;0
935;sub935;1;0;0.000;2;2;2;0;0;0
936;sub936;0;0;6.167;3;1;2;0;0;0
937;sub937;0;0;0.000;0;1;3;0;0;0
938;sub938;1;0;0.000;0;2;2;0;0;0
939;sub939;0;0;0.000;4;3;2;0;0;0
940;sub940;0;0;0.000;3;3;1;0;2;0
941;sub941;1;0;0.000;3;5;1;0;2;0
942;sub942;0;0;0.000;3;4;3;0;2;0
943;sub943;1;0;0.000;2;4;1;0;0;0
944;sub944;0;0;0.000;4;4;1;0;0;0
945;sub945;1;0;6.000;2;2;2;0;0;0
946;sub946;1;0;0.000;4;5;1;0;0;0
947;sub947;1;0;0.000;4;5;1;0;0;0
948;sub948;1;0;0.000;0;4;2;1;0;0
949;sub949;1;0;0.000;3;4;1;0;0;0
950;sub950;1;0;0.000;1;3;1;0;0;0
951;sub951;0;0;0.000;3;4;1;0;0;0
952;sub952;1;1;0.000;3;4;1;0;0;2
953;sub953;0;0;0.000;3;3;1;0;0;0
954;sub954;1;1;0.000;3;2;1;0;0;0
955;sub955;0;0;0.000;2;2;1;0;0;0
956;sub956;1;1;11.833;2;2;2;0;0;0
957;sub957;0;0;0.000;7;1;2;0;0;0
958;sub958;1;1;0.000;2;4;1;0;0;0
959;sub959;0;0;0.000;5;4;1;0;0;0
960;sub960;0;0;0.000;5;3;1;0;0;0
961;sub961;1;1;0.000;3;3;1;0;0;2
962;sub962;0;0;0.000;2;3;1;0;0;0
963;sub963;0;0;7.000;3;4;2;0;0;0
964;sub964;1;0;0.000;2;4;1;0;0;0
965;sub965;0;0;0.000;1;3;1;0;0;0
966;sub966;0;0;0.000;2;4;1;0;0;0
967;sub967;0;0;0.000;2;5;1;0;0;0
968;sub968;1;0;0.000;1;5;1;0;0;2
969;sub969;0;0;0.000;2;5;1;0;2;0
970;sub970;0;0;0.000;3;5;1;0;0;0
971;sub971;0;0;2.000;0;1;1;0;0;0
972;sub972;1;1;0.000;2;3;1;0;0;0
973;sub973;0;0;0.000;3;4;1;0;0;0
974;sub974;1;1;0.083;7;3;1;0;0;0
975;sub975;0;0;0.000;6;3;1;0;0;0
976;sub976;0;0;2.000;0;1;3;0;0;0
977;sub977;0;0;0.000;2;5;1;0;2;0
978;sub978;0;0;0.000;2;5;1;0;2;0
979;sub979;1;0;0.000;0;4;1;0;0;0
980;sub980;1;0;0.000;2;4;1;0;0;0
981;sub981;1;1;0.000;3;3;1;1;0;1
982;sub982;0;0;0.000;1;4;1;0;0;0
983;sub983;1;1;0.000;4;3;1;0;2;0
984;sub984;1;1;0.000;2;4;1;0;0;0
985;sub985;0;0;0.000;1;4;1;0;0;0
986;sub986;1;0;0.000;4;1;1;0;2;0
987;sub987;0;0;10.250;3;5;2;0;0;0
988;sub988;1;0;0.000;2;4;1;0;0;0
989;sub989;0;0;0.000;2;4;1;0;2;0
990;sub990;1;0;0.000;3;4;1;0;2;0
991;sub991;0;0;0.000;3;4;1;0;2;0
992;sub992;0;0;12.333;6;4;1;0;0;0
993;sub993;0;0;0.000;3;3;2;0;0;0
994;sub994;0;0;0.000;4;4;2;0;0;0
995;sub995;1;0;0.000;2;3;1;0;0;0
996;sub996;1;0;0.000;3;4;1;0;0;0
997;sub997;0;0;4.000;1;4;1;0;0;0
998;sub998;1;1;0.000;2;4;1;0;0;2
999;sub999;1;0;0.000;3;3;1;0;0;0
1000;sub1000;0;0;0.000;3;3;1;0;2;1
1001;sub1001;1;1;0.000;4;5;1;0;0;0
1002;sub1002;1;0;1.333;0;1;2;0;0;0
1003;sub1003;1;0;0.000;1;3;1;0;0;0
1004;sub1004;0;0;0.000;1;5;1;0;0;0
1005;sub1005;1;0;0.000;4;4;2;0;0;0
1006;sub1006;0;0;0.000;4;4;2;0;0;0
1007;sub1007;1;1;0.000;2;5;1;0;2;0
1008;sub1008;0;0;0.000;1;1;2;0;0;1
1009;sub1009;1;0;0.000;2;3;1;0;0;0
1010;sub1010;0;0;0.000;3;4;1;0;0;0
1011;sub1011;1;0;0.000;0;5;1;0;0;0
1012;sub1012;0;0;0.000;3;5;1;0;0;0
1013;sub1013;0;0;0.000;2;5;1;0;0;1
1014;sub1014;0;0;1.000;3;3;2;0;0;1
1015;sub1015;0;0;0.000;2;1;1;0;0;0
1016;sub1016;1;0;0.000;2;2;1;0;2;0
1017;sub1017;1;0;0.000;3;5;2;0;0;2
1018;sub1018;0;0;0.000;2;4;1;0;0;0
1019;sub1019;1;1;0.000;2;3;1;1;2;0
1020;sub1020;0;0;0.000;2;3;1;0;0;0
1021;sub1021;1;0;0.000;3;4;2;1;0;0
1022;sub1022;0;0;0.000;10;3;2;0;2;0
1023;sub1023;1;0;4.000;4;3;1;0;2;0
1024;sub1024;0;0;1.500;2;3;1;0;0;0
1025;sub1025;1;0;0.000;3;5;1;0;0;0
1026;sub1026;1;1;0.000;4;3;3;0;0;0
1027;sub1027;0;0;8.000;3;3;3;0;0;0
1028;sub1028;1;0;3.000;3;3;1;0;0;0
1029;sub1029;1;0;0.000;2;5;2;1;0;0
1030;sub1030;0;0;0.000;3;5;2;0;0;0
1031;sub1031;1;0;0.000;0;3;2;0;0;0
1032;sub1032;0;0;0.000;7;3;2;0;0;0
1033;sub1033;0;0;0.000;2;2;1;0;0;0
1034;sub1034;1;0;0.083;2;2;1;0;0;0
1035;sub1035;0;0;0.500;3;2;1;0;2;0
1036;sub1036;0;0;0.000;3;5;1;0;0;0
1037;sub1037;1;0;0.000;2;3;1;0;0;0
1038;sub1038;0;0;8.333;2;3;1;0;0;0
1039;sub1039;1;1;0.167;2;3;1;0;2;1
1040;sub1040;1;1;0.000;1;3;3;0;0;1
1041;sub1041;0;0;0.000;2;3;1;0;0;0
1042;sub1042;1;0;0.000;0;1;2;0;0;0
1043;sub1043;0;0;0.000;0;1;2;0;0;0
1044;sub1044;0;0;0.000;1;1;1;0;0;0
1045;sub1045;1;0;0.000;2;4;1;0;0;0
1046;sub1046;1;0;0.000;8;3;2;0;0;0
1047;sub1047;0;0;0.000;2;3;2;0;0;0
1048;sub1048;1;0;0.000;2;5;1;0;0;0
1049;sub1049;0;0;0.000;1;5;1;0;0;0
1050;sub1050;1;1;0.000;4;3;1;0;0;0
1051;sub1051;1;1;6.667;2;2;3;0;0;0
1052;sub1052;0;0;0.667;2;2;3;0;0;0
1053;sub1053;1;1;0.500;1;1;1;0;0;1
1054;sub1054;0;0;0.000;1;5;1;0;0;0
1055;sub1055;0;0;13.333;2;2;1;0;0;0
1056;sub1056;1;0;0.000;5;3;2;0;2;0
1057;sub1057;1;0;0.000;0;3;2;0;0;0
1058;sub1058;1;0;0.000;3;5;1;0;0;0
1059;sub1059;0;0;0.000;2;5;1;0;2;0
1060;sub1060;1;0;0.000;8;3;2;0;0;0
1061;sub1061;1;0;0.000;3;4;1;0;0;0
1062;sub1062;0;0;0.000;1;4;1;0;2;0
1063;sub1063;1;0;17.250;0;2;1;0;2;0
1064;sub1064;0;0;0.000;2;2;1;0;0;0
1065;sub1065;1;0;0.250;1;1;1;0;0;0
1066;sub1066;0;0;0.167;2;1;1;0;0;0
1067;sub1067;1;0;1.583;4;2;1;0;0;1
1068;sub1068;0;0;0.000;2;5;1;0;0;2
1069;sub1069;0;0;0.000;0;2;2;0;0;0
1070;sub1070;1;0;0.000;9;5;2;0;0;0
1071;sub1071;0;0;0.000;10;5;2;0;0;0
1072;sub1072;1;1;0.833;3;2;2;0;0;2
1073;sub1073;0;0;0.000;3;3;2;0;2;0
1074;sub1074;1;1;20.000;1;3;1;1;0;0
1075;sub1075;1;1;0.000;5;3;1;1;0;0
1076;sub1076;0;0;0.250;3;4;1;0;2;0
1077;sub1077;1;0;0.000;1;3;1;0;0;0
1078;sub1078;1;0;0.000;3;3;1;0;0;0
1079;sub1079;0;0;0.000;5;3;1;0;2;0
1080;sub1080;0;0;0.000;2;4;1;0;0;0
1081;sub1081;1;0;0.000;3;5;1;0;0;0
1082;sub1082;0;0;0.000;2;5;1;0;0;0
1083;sub1083;0;0;6.000;6;3;2;0;0;0
1084;sub1084;1;1;0.000;0;4;1;0;0;0
1085;sub1085;0;0;0.000;3;4;1;0;0;0
1086;sub1086;1;0;0.000;3;3;2;0;0;0
1087;sub1087;0;0;0.000;4;2;2;0;0;0
1088;sub1088;0;0;0.000;2;4;1;0;2;0
1089;sub1089;0;0;0.000;0;1;3;0;0;0
1090;sub1090;1;0;0.000;1;4;1;1;0;1
1091;sub1091;0;0;0.000;2;5;1;0;0;0
1092;sub1092;0;0;13.333;3;4;1;0;0;0
1093;sub1093;0;0;0.000;2;4;1;0;0;0
1094;sub1094;1;0;0.000;1;4;1;0;0;0
1095;sub1095;0;1;0.000;3;4;1;0;0;0
1096;sub1096;1;0;0.250;2;1;2;0;0;0
1097;sub1097;0;0;0.000;2;5;1;0;2;1
1098;sub1098;1;1;0.000;3;2;1;0;0;0
1099;sub1099;0;0;0.000;5;2;1;0;2;0
1100;sub1100;0;0;1.500;4;2;2;0;0;0
1101;sub1101;1;0;0.000;2;2;1;0;2;0
1102;sub1102;0;0;0.000;2;5;1;0;0;0
1103;sub1103;1;0;0.000;2;5;1;0;0;0
1104;sub1104;0;0;0.000;2;4;1;0;0;1
1105;sub1105;1;1;0.000;2;3;1;0;0;0
1106;sub1106;1;0;0.000;2;2;1;0;0;0
1107;sub1107;0;0;0.000;4;2;1;0;0;0
1108;sub1108;0;0;0.000;4;4;1;0;0;0
1109;sub1109;1;0;0.000;3;5;1;0;0;0
1110;sub1110;0;0;0.000;3;4;1;0;0;0
1111;sub1111;1;1;0.000;0;3;1;1;0;0
1112;sub1112;0;0;0.000;1;3;1;0;0;0
1113;sub1113;1;0;0.000;10;4;1;0;0;0
1114;sub1114;1;0;0.000;2;3;1;0;0;0
1115;sub1115;0;0;3.500;3;3;1;0;0;0
1116;sub1116;1;0;0.000;1;5;1;0;0;0
1117;sub1117;0;0;0.000;3;5;1;0;0;1
1118;sub1118;0;0;0.000;2;2;1;0;0;0
1119;sub1119;1;0;2.500;5;2;1;0;0;2
1120;sub1120;0;0;0.083;1;2;1;0;0;0
1121;sub1121;1;1;0.000;2;4;1;0;0;1
1122;sub1122;0;0;0.000;1;4;1;0;0;0
1123;sub1123;1;0;0.000;3;3;1;0;0;0
1124;sub1124;1;1;0.000;1;2;1;0;0;2
1125;sub1125;1;0;0.000;0;4;1;0;0;0
1126;sub1126;1;0;0.000;0;4;1;0;0;0
1127;sub1127;0;0;0.000;9;4;1;0;0;0
1128;sub1128;1;0;2.000;3;2;2;0;0;0
1129;sub1129;1;0;0.000;2;5;1;0;0;1
1130;sub1130;0;0;0.000;2;4;1;0;0;0
1131;sub1131;1;1;0.000;2;5;1;0;0;0
1132;sub1132;0;0;0.000;1;4;1;0;0;0
1133;sub1133;1;0;0.000;1;5;1;0;0;0
1134;sub1134;0;0;0.000;3;5;1;0;0;0
1135;sub1135;1;1;20.000;1;2;1;0;0;1
1136;sub1136;0;0;10.000;3;2;1;0;2;0
1137;sub1137;0;0;1.000;1;2;1;0;0;0
1138;sub1138;1;0;0.000;1;4;2;0;0;0
1139;sub1139;0;0;0.500;6;4;2;0;0;0
1140;sub1140;1;0;0.000;2;3;1;0;0;0
1141;sub1141;0;0;0.000;4;4;1;0;0;0
1142;sub1142;1;0;0.000;3;2;2;0;0;0
1143;sub1143;0;0;2.417;5;2;2;0;0;0
1144;sub1144;1;0;0.000;2;3;1;0;2;0
1145;sub1145;1;1;8.167;3;2;1;0;0;0
1146;sub1146;1;0;0.000;3;4;1;0;0;0
1147;sub1147;0;0;0.000;2;4;1;0;0;0
1148;sub1148;0;0;0.000;10;5;2;0;0;0
1149;sub1149;1;1;0.000;3;3;1;0;2;0
1150;sub1150;1;0;0.000;2;4;1;0;0;0
1151;sub1151;0;0;0.000;1;4;1;0;0;0
1152;sub1152;1;0;2.000;0;2;1;0;0;0
1153;sub1153;0;0;1.667;2;2;1;0;2;0
1154;sub1154;1;1;0.000;2;4;1;0;0;0
1155;sub1155;1;0;0.000;2;4;1;0;0;0
1156;sub1156;1;0;0.000;5;2;1;0;0;2
1157;sub1157;1;0;0.000;3;4;1;0;0;0
1158;sub1158;1;1;0.000;1;4;1;0;0;0
1159;sub1159;1;0;0.000;2;5;1;0;0;1
1160;sub1160;0;1;5.500;3;2;1;0;2;0
1161;sub1161;0;0;0.000;3;5;2;0;0;0
1162;sub1162;1;0;0.833;0;1;3;0;0;0
1163;sub1163;0;0;4.333;4;1;3;0;0;0
1164;sub1164;1;0;0.000;3;3;1;1;0;0
1165;sub1165;1;0;0.000;2;5;1;0;0;0
1166;sub1166;0;0;0.000;3;5;1;0;0;0
1167;sub1167;0;0;0.000;2;2;1;0;0;0
1168;sub1168;1;1;0.000;2;3;1;0;0;0
1169;sub1169;1;0;0.000;1;5;1;0;0;0
1170;sub1170;1;0;0.000;2;5;1;0;0;0
1171;sub1171;0;0;0.000;1;5;1;0;0;0
1172;sub1172;1;1;0.000;3;3;1;1;2;0
1173;sub1173;1;0;0.000;4;4;2;0;0;0
1174;sub1174;1;0;13.250;8;5;2;0;0;0
1175;sub1175;0;0;0.000;7;5;2;0;0;0
1176;sub1176;1;0;0.000;2;5;1;0;0;0
1177;sub1177;0;0;0.000;2;4;1;0;2;0
1178;sub1178;1;0;0.000;4;2;1;0;0;0
1179;sub1179;0;0;0.000;1;2;1;0;0;0
1180;sub1180;1;0;0.000;3;4;3;0;0;0
1181;sub1181;0;0;0.000;5;4;2;0;2;0
1182;sub1182;1;0;0.000;3;4;2;0;0;0
1183;sub1183;1;0;0.167;5;4;1;0;0;0
1184;sub1184;1;0;0.000;2;4;1;0;0;0
1185;sub1185;0;0;0.000;1;4;1;0;0;0
1186;sub1186;1;1;4.000;2;2;1;1;0;0
1187;sub1187;0;0;4.333;3;2;1;0;0;0
1188;sub1188;1;0;0.000;3;3;2;0;0;2
1189;sub1189;0;0;0.000;4;3;1;0;0;0
1190;sub1190;1;0;0.000;4;3;1;0;0;0
1191;sub1191;0;0;6.000;4;4;1;0;0;0
1192;sub1192;1;1;0.000;0;3;1;0;0;1
1193;sub1193;1;1;0.000;4;3;1;1;0;0
1194;sub1194;0;0;0.000;3;3;1;0;2;0
1195;sub1195;1;0;0.000;0;2;2;0;0;1
1196;sub1196;0;0;2.000;5;2;2;0;0;0
1197;sub1197;1;0;0.000;1;5;1;0;0;0
1198;sub1198;0;0;0.000;2;5;1;0;0;0
1199;sub1199;1;0;0.000;4;3;1;0;0;0
1200;sub1200;0;0;0.000;5;3;1;0;0;0
1201;sub1201;1;0;0.000;3;4;1;0;0;0
1202;sub1202;1;0;0.000;2;5;1;0;2;0
1203;sub1203;0;0;0.000;2;5;1;0;2;0
1204;sub1204;0;0;7.583;4;2;3;0;0;0
1205;sub1205;1;0;0.000;0;2;2;0;0;0
1206;sub1206;1;0;0.000;2;5;1;0;0;0
1207;sub1207;1;0;0.000;5;2;2;0;0;1
1208;sub1208;0;0;0.000;4;2;2;0;0;0
1209;sub1209;1;0;0.000;1;5;1;0;0;1
1210;sub1210;0;0;0.000;1;5;1;0;0;0
1211;sub1211;1;0;0.000;1;4;1;0;0;0
1212;sub1212;0;0;0.000;1;4;1;0;0;0
1213;sub1213;0;0;0.000;0;5;1;0;2;0
1214;sub1214;1;0;0.000;3;3;1;0;0;0
1215;sub1215;1;0;0.167;2;4;1;0;0;0
1216;sub1216;0;0;9.000;3;4;1;0;0;0
1217;sub1217;1;0;0.000;2;4;1;0;0;0
1218;sub1218;0;0;0.000;2;4;1;0;0;0
1219;sub1219;1;1;0.000;0;2;1;0;0;0
1220;sub1220;1;1;0.000;4;2;1;0;0;0
1221;sub1221;0;0;0.000;6;2;1;0;0;0
1222;sub1222;0;0;0.000;6;2;1;0;0;0
1223;sub1223;1;0;0.000;2;3;2;0;0;0
1224;sub1224;1;0;0.000;0;5;1;0;0;1
1225;sub1225;0;0;0.000;3;4;1;0;0;0
1226;sub1226;0;0;0.000;2;5;1;0;0;0
1227;sub1227;1;0;0.000;9;4;2;0;0;1
1228;sub1228;0;0;0.000;4;4;2;0;0;0
1229;sub1229;0;0;0.000;1;4;1;0;0;0
1230;sub1230;1;0;0.000;2;4;1;0;0;0
1231;sub1231;1;1;0.000;2;5;1;0;0;0
1232;sub1232;0;0;0.000;4;5;1;0;0;0
1233;sub1233;1;1;10.333;4;2;1;0;0;0
1234;sub1234;0;0;3.000;5;2;2;0;2;0
1235;sub1235;1;0;0.000;3;4;3;0;0;0
1236;sub1236;0;0;0.750;4;4;3;0;0;0
1237;sub1237;1;1;0.000;2;5;1;1;0;2
1238;sub1238;1;0;0.000;2;3;1;0;0;0
1239;sub1239;0;0;0.000;2;1;1;0;0;0
1240;sub1240;0;0;0.000;1;1;1;0;0;0
1241;sub1241;1;1;0.167;3;2;1;0;0;2
1242;sub1242;1;0;0.000;4;3;2;0;0;0
1243;sub1243;1;0;0.000;3;1;1;0;2;0
1244;sub1244;0;0;1.500;3;1;1;0;0;0
1245;sub1245;0;0;0.000;2;1;1;0;0;0
1246;sub1246;0;0;3.000;1;1;1;0;0;0
1247;sub1247;1;0;0.000;3;5;1;0;0;0
1248;sub1248;0;0;0.417;2;5;1;0;2;0
1249;sub1249;1;1;3.000;2;1;1;0;0;0
1250;sub1250;1;0;0.000;4;5;1;0;2;1
1251;sub1251;0;0;0.000;3;4;3;0;0;2
1252;sub1252;1;0;0.000;0;2;2;0;0;2
1253;sub1253;0;0;1.000;3;2;2;0;0;1
1254;sub1254;1;0;0.167;4;2;1;0;0;0
1255;sub1255;1;0;0.000;2;5;1;0;0;0
1256;sub1256;1;1;0.000;0;5;1;0;0;2
1257;sub1257;0;0;0.000;1;5;1;0;0;0
1258;sub1258;0;0;0.000;2;3;1;0;0;0
1259;sub1259;1;1;0.000;3;2;1;0;0;0
1260;sub1260;0;0;0.000;4;2;1;0;0;0
1261;sub1261;0;0;0.000;2;1;1;0;0;0
1262;sub1262;1;0;0.000;5;5;2;1;0;0
1263;sub1263;0;0;0.000;3;5;2;0;2;0
1264;sub1264;1;0;0.000;2;4;1;0;0;0
1265;sub1265;1;1;0.000;2;4;1;0;0;0
1266;sub1266;0;0;0.000;1;1;3;0;0;0
1267;sub1267;1;1;0.000;2;3;1;0;0;0
1268;sub1268;0;0;0.000;0;4;1;0;0;0
1269;sub1269;1;0;0.000;2;4;1;0;0;0
1270;sub1270;0;0;0.000;2;4;1;0;0;0
1271;sub1271;1;1;0.000;3;4;2;0;0;0
1272;sub1272;0;0;0.000;5;4;2;0;2;0
1273;sub1273;1;0;5.000;2;4;1;0;0;0
1274;sub1274;0;0;0.000;4;4;1;0;0;0
1275;sub1275;0;0;0.000;3;2;3;0;0;0
1276;sub1276;1;0;4.333;2;2;1;0;0;0
1277;sub1277;0;0;0.000;0;2;1;0;0;0
1278;sub1278;1;0;1.083;3;3;1;0;2;0
1279;sub1279;0;0;0.000;2;2;1;0;0;0
1280;sub1280;0;0;0.000;0;3;1;0;0;0
1281;sub1281;1;0;0.000;3;3;1;0;0;0
1282;sub1282;1;0;0.000;2;2;2;0;0;0
1283;sub1283;1;0;0.000;1;4;1;0;0;0
1284;sub1284;0;0;0.000;3;4;1;0;0;0
1285;sub1285;1;0;0.000;3;5;1;0;0;0
1286;sub1286;1;0;0.000;10;3;2;0;0;0
1287;sub1287;1;0;0.000;0;3;1;0;2;0
1288;sub1288;1;0;0.000;2;3;1;0;2;0
1289;sub1289;1;1;0.000;2;5;1;0;0;0
1290;sub1290;0;0;0.000;8;3;2;0;0;0
1291;sub1291;1;1;0.000;0;3;1;0;0;0
1292;sub1292;0;0;0.000;2;3;1;0;0;0
1293;sub1293;1;0;0.000;3;4;1;0;0;0
1294;sub1294;0;0;0.000;1;4;1;0;0;0
1295;sub1295;0;0;5.333;1;1;2;0;0;0
1296;sub1296;0;0;0.000;2;1;1;0;0;0
1297;sub1297;1;0;0.000;3;2;1;1;0;0
1298;sub1298;0;0;0.000;1;2;1;0;0;0
1299;sub1299;1;0;0.000;2;5;1;0;0;0
1300;sub1300;0;0;0.000;3;4;1;0;0;0
1301;sub1301;1;0;3.667;3;2;1;0;2;0
1302;sub1302;0;0;3.083;3;2;1;0;2;0
1303;sub1303;1;0;0.000;2;3;2;0;0;0
1304;sub1304;1;0;0.000;1;5;1;0;0;0
1305;sub1305;1;0;0.000;0;2;1;0;0;0
1306;sub1306;1;0;0.000;4;3;2;0;0;0
1307;sub1307;1;1;0.000;1;5;1;0;0;1
1308;sub1308;0;0;0.000;0;5;1;0;0;1
1309;sub1309;0;0;0.000;3;4;1;0;0;0
1310;sub1310;1;0;0.000;2;4;2;0;0;0
1311;sub1311;0;0;0.500;3;2;2;0;0;0
1312;sub1312;1;0;0.000;3;4;1;0;0;1
1313;sub1313;1;0;3.000;1;1;2;0;0;0
1314;sub1314;0;0;5.917;1;1;2;0;0;0
1315;sub1315;1;0;0.000;2;5;1;0;0;0
1316;sub1316;0;0;0.000;3;2;2;0;2;0
1317;sub1317;1;1;0.000;3;4;1;1;0;2
1318;sub1318;1;0;3.000;3;2;1;0;0;0
1319;sub1319;0;0;0.000;2;3;1;0;0;0
1320;sub1320;1;0;1.000;0;2;1;0;0;1
1321;sub1321;1;1;0.000;2;2;1;1;2;0
1322;sub1322;1;1;0.000;3;5;1;0;0;0
1323;sub1323;0;0;0.000;2;4;1;0;0;0
1324;sub1324;1;0;0.000;9;4;2;0;2;0
1325;sub1325;1;1;10.000;1;2;1;0;0;0
1326;sub1326;1;0;0.000;0;2;2;0;0;0
1327;sub1327;1;0;0.000;1;5;1;0;0;0
1328;sub1328;0;0;0.000;2;5;1;0;0;0
1329;sub1329;1;1;0.000;2;4;1;0;0;0
1330;sub1330;1;0;0.000;6;4;2;0;0;2
1331;sub1331;1;0;0.000;3;3;2;0;0;0
1332;sub1332;0;0;0.000;3;3;2;0;2;0
1333;sub1333;1;1;0.000;3;5;1;0;0;0
1334;sub1334;0;0;0.000;1;5;1;0;0;0
1335;sub1335;1;1;0.000;2;4;1;0;2;0
1336;sub1336;0;0;4.417;2;1;1;0;0;0
1337;sub1337;1;0;0.000;2;2;2;0;0;2
1338;sub1338;1;0;1.000;2;2;1;0;0;0
1339;sub1339;1;0;0.000;4;2;1;0;0;0
1340;sub1340;0;1;0.000;3;2;1;0;0;2
1341;sub1341;0;0;0.000;6;4;2;0;0;0
1342;sub1342;1;0;0.000;1;2;1;0;0;0
1343;sub1343;0;0;0.000;1;3;1;1;2;0
1344;sub1344;0;0;0.000;2;5;1;0;0;0
1345;sub1345;0;0;0.000;3;4;1;0;0;0
1346;sub1346;1;0;0.000;3;3;1;0;0;0
1347;sub1347;0;0;0.000;2;3;1;0;0;0
1348;sub1348;1;0;0.417;4;3;2;0;0;0
1349;sub1349;0;0;0.000;2;4;1;0;0;0
1350;sub1350;1;0;0.000;4;5;1;0;2;0
1351;sub1351;0;0;0.000;2;4;1;0;0;1
1352;sub1352;0;0;0.000;3;4;1;1;0;0
1353;sub1353;1;1;0.833;0;2;1;1;0;1
1354;sub1354;1;0;0.500;5;3;1;0;0;0
1355;sub1355;1;0;12.000;0;1;2;0;2;0
1356;sub1356;0;0;0.000;3;1;2;0;0;0
1357;sub1357;1;0;0.000;3;3;1;0;2;0
1358;sub1358;0;0;0.000;2;5;1;1;2;0
1359;sub1359;0;0;0.000;1;5;1;0;0;0
1360;sub1360;0;0;2.000;3;2;1;0;0;0
1361;sub1361;1;0;0.000;2;4;1;0;0;0
1362;sub1362;1;1;9.000;6;2;3;0;0;0
1363;sub1363;0;0;0.000;4;2;3;0;0;0
1364;sub1364;0;0;0.000;5;4;2;0;0;0
1365;sub1365;0;0;0.000;3;2;1;0;0;0
1366;sub1366;1;0;0.000;4;3;2;0;2;0
1367;sub1367;0;0;0.000;2;4;1;0;0;0
1368;sub1368;0;0;0.000;2;4;1;0;0;0
1369;sub1369;1;0;0.000;0;5;1;0;2;0
1370;sub1370;1;0;0.000;9;4;3;0;0;0
1371;sub1371;1;0;1.000;1;1;2;0;0;0
1372;sub1372;0;0;1.417;3;1;2;0;0;0
1373;sub1373;0;0;0.000;2;5;1;0;0;1
1374;sub1374;1;1;0.000;0;4;1;0;0;0
1375;sub1375;0;0;0.000;1;4;1;0;0;0
1376;sub1376;1;0;4.000;2;3;1;0;0;0
1377;sub1377;1;0;0.000;1;3;1;0;0;0
1378;sub1378;1;0;0.000;0;4;2;0;0;2
1379;sub1379;1;1;0.000;1;3;1;1;0;2
1380;sub1380;1;0;0.000;3;4;1;0;2;0
1381;sub1381;0;0;7.000;2;1;2;0;0;1
1382;sub1382;1;1;0.000;2;5;1;1;0;0
1383;sub1383;0;0;0.000;2;5;1;0;0;0
1384;sub1384;1;0;0.000;0;2;3;0;0;0
1385;sub1385;1;0;0.000;0;3;2;0;0;0
1386;sub1386;1;0;0.500;7;2;1;0;2;0
1387;sub1387;1;0;0.000;2;4;2;0;0;0
1388;sub1388;0;0;0.000;10;4;2;0;2;0
1389;sub1389;1;1;0.000;1;1;1;0;0;0
1390;sub1390;0;0;0.000;2;2;1;0;0;0
1391;sub1391;1;0;0.000;2;5;1;0;2;0
1392;sub1392;0;1;0.000;2;4;1;0;0;0
1393;sub1393;1;0;0.000;2;4;1;0;0;1
1394;sub1394;0;0;0.000;0;4;1;0;0;0
1395;sub1395;1;0;0.000;0;4;2;0;0;0
1396;sub1396;1;0;0.000;2;5;1;0;0;0
1397;sub1397;0;0;0.000;2;5;1;0;0;0
1398;sub1398;0;0;5.167;3;1;2;0;0;0
1399;sub1399;1;0;0.000;2;5;1;0;0;0
1400;sub1400;1;0;0.000;2;4;1;0;0;2
1401;sub1401;0;0;0.000;2;4;1;0;2;1
1402;sub1402;0;0;2.000;2;2;2;0;0;0
1403;sub1403;1;1;0.000;2;3;1;0;0;0
1404;sub1404;0;0;0.000;0;1;2;0;0;0
1405;sub1405;1;0;0.000;0;5;2;0;0;0
1406;sub1406;0;0;13.000;8;5;2;0;0;0
1407;sub1407;1;0;0.000;4;5;1;0;0;0
1408;sub1408;0;0;0.000;2;5;1;1;2;0
1409;sub1409;1;0;0.000;3;5;1;0;0;0
1410;sub1410;0;0;0.000;2;5;1;0;0;0
1411;sub1411;1;0;0.000;4;5;1;0;0;0
1412;sub1412;0;0;0.000;1;5;1;0;0;0
1413;sub1413;1;0;0.000;0;5;1;0;0;0
1414;sub1414;0;0;0.000;1;5;1;0;0;0
1415;sub1415;1;0;0.000;3;4;1;0;0;0
1416;sub1416;1;1;0.000;4;3;2;0;0;0
1417;sub1417;1;1;0.000;2;4;1;0;0;2
1418;sub1418;0;0;0.000;2;4;1;0;0;0
1419;sub1419;1;0;2.750;3;2;2;0;0;0
1420;sub1420;0;0;7.333;4;2;2;0;0;0
1421;sub1421;1;0;0.000;2;2;3;0;0;0
1422;sub1422;0;0;0.000;3;3;3;0;0;0
1423;sub1423;1;1;0.000;0;4;1;0;0;0
1424;sub1424;1;1;0.000;3;2;1;0;0;0
1425;sub1425;0;0;0.000;4;2;1;0;2;0
1426;sub1426;1;1;0.000;3;5;1;0;0;0
1427;sub1427;1;0;0.500;4;4;2;0;0;0
1428;sub1428;0;0;0.000;2;4;2;0;0;0
1429;sub1429;1;0;0.000;1;5;1;0;0;0
1430;sub1430;0;0;0.000;3;5;1;0;0;0
1431;sub1431;1;1;0.000;2;5;1;0;2;0
1432;sub1432;1;0;0.000;2;3;1;0;0;0
1433;sub1433;0;0;0.583;3;3;1;0;0;0
1434;sub1434;1;0;8.667;5;2;1;0;2;0
1435;sub1435;0;0;6.000;3;2;1;0;0;0
1436;sub1436;1;0;0.000;8;5;2;0;0;0
1437;sub1437;1;0;2.000;2;5;1;0;2;0
1438;sub1438;0;0;3.000;2;5;1;0;2;0
1439;sub1439;0;0;1.000;3;2;1;0;0;0
1440;sub1440;0;0;0.000;7;3;2;0;0;0
1441;sub1441;1;0;1.417;2;1;1;0;0;0
1442;sub1442;0;0;0.000;2;5;1;0;2;0
1443;sub1443;1;1;0.000;2;4;1;1;0;0
1444;sub1444;0;0;0.000;4;4;1;0;0;0
1445;sub1445;0;0;0.000;2;1;1;0;0;0
1446;sub1446;1;0;0.000;2;4;2;0;0;0
1447;sub1447;1;0;0.000;3;5;1;0;0;0
1448;sub1448;1;1;0.000;3;4;1;0;0;0
1449;sub1449;0;0;9.000;3;4;1;0;0;0
1450;sub1450;1;1;0.000;1;5;1;0;0;0
1451;sub1451;0;0;0.000;1;5;1;0;0;0
1452;sub1452;1;1;5.500;3;3;1;0;0;0
1453;sub1453;1;0;0.000;2;3;1;0;0;0
1454;sub1454;1;0;1.000;4;4;2;0;0;0
1455;sub1455;1;0;0.000;3;2;2;0;0;0
1456;sub1456;1;1;0.000;2;3;1;0;0;0
1457;sub1457;1;0;0.000;6;4;3;0;0;0
1458;sub1458;0;0;0.000;3;4;3;1;0;0
1459;sub1459;1;0;0.000;3;3;2;0;0;0
1460;sub1460;1;1;0.000;2;3;2;0;0;0
1461;sub1461;0;0;0.000;3;3;2;0;0;0
1462;sub1462;0;0;0.000;3;3;1;0;0;0
1463;sub1463;1;1;0.000;1;3;1;1;0;1
1464;sub1464;1;0;0.000;2;4;1;1;0;0
1465;sub1465;0;0;0.000;3;4;1;0;0;0
1466;sub1466;1;1;0.000;2;4;1;0;0;0
1467;sub1467;0;0;2.000;4;4;1;0;0;0
1468;sub1468;0;0;0.000;2;4;1;0;2;0
1469;sub1469;1;0;0.000;7;5;1;0;0;0
1470;sub1470;1;0;0.000;0;5;1;0;0;0
1471;sub1471;0;0;9.000;1;5;1;0;0;0
1472;sub1472;1;0;0.000;2;5;1;0;0;0
1473;sub1473;1;0;0.000;3;3;2;0;0;0
1474;sub1474;1;1;0.000;1;3;1;0;0;1
1475;sub1475;0;0;0.000;1;4;1;0;0;0
1476;sub1476;1;0;0.000;3;2;1;0;0;0
1477;sub1477;0;0;0.000;2;2;2;0;0;0
1478;sub1478;1;0;0.500;5;2;2;0;0;0
1479;sub1479;1;0;0.000;3;4;1;0;0;0
1480;sub1480;1;0;0.000;2;2;1;0;0;0
1481;sub1481;0;0;5.000;3;3;1;0;0;0
1482;sub1482;1;1;0.000;2;4;1;0;0;0
1483;sub1483;0;0;0.000;2;4;1;0;0;0
1484;sub1484;1;0;0.000;5;4;2;0;2;0
1485;sub1485;0;0;0.000;0;4;2;0;0;1
1486;sub1486;1;0;0.000;4;5;1;0;2;0
1487;sub1487;0;0;0.000;4;4;1;0;0;0
1488;sub1488;1;1;0.000;2;2;1;0;0;0
1489;sub1489;0;0;0.000;2;2;1;0;0;0
1490;sub1490;1;0;0.000;2;5;1;0;0;0
1491;sub1491;1;0;0.000;0;2;1;0;0;0
1492;sub1492;1;0;0.000;1;5;1;0;0;0
1493;sub1493;0;0;1.000;2;4;1;0;0;0
1494;sub1494;1;0;0.000;7;4;2;0;0;0
1495;sub1495;0;0;0.000;5;4;2;0;2;0
1496;sub1496;1;0;0.000;7;5;2;0;0;2
1497;sub1497;1;1;0.000;2;4;1;0;0;2
1498;sub1498;1;1;0.000;2;2;1;0;0;0
1499;sub1499;0;0;0.000;4;2;1;0;0;0
1500;sub1500;0;0;11.250;3;2;2;0;0;0
1501;sub1501;1;1;0.000;2;3;1;0;0;0
1502;sub1502;1;0;0.000;3;5;1;0;0;0
1503;sub1503;0;0;0.000;6;5;1;0;2;0
1504;sub1504;0;0;0.000;3;2;2;0;0;0
1505;sub1505;1;0;0.000;2;3;1;0;0;0
1506;sub1506;0;0;0.000;2;3;1;0;2;0
1507;sub1507;1;0;0.000;0;2;2;0;0;0
1508;sub1508;0;0;1.000;9;2;2;0;0;0
1509;sub1509;1;1;0.000;2;3;1;0;0;0
1510;sub1510;0;0;0.000;2;4;1;0;0;0
1511;sub1511;0;0;0.000;4;5;1;0;0;0
1512;sub1512;0;0;0.000;2;2;1;0;0;0
1513;sub1513;1;0;0.000;2;2;1;0;0;0
1514;sub1514;1;1;0.000;2;5;1;0;0;0
1515;sub1515;1;0;0.000;1;2;1;0;0;0
1516;sub1516;0;0;0.000;0;2;1;0;0;0
1517;sub1517;1;0;0.000;1;5;1;0;0;0
1518;sub1518;0;0;0.000;2;5;1;0;0;0
1519;sub1519;1;1;0.000;3;5;1;0;0;0
1520;sub1520;0;0;0.000;2;4;1;0;0;0
1521;sub1521;1;0;0.000;3;4;1;0;0;0
1522;sub1522;0;0;0.000;2;4;1;0;0;0
1523;sub1523;0;0;0.000;4;5;2;0;0;0
1524;sub1524;0;0;0.000;4;5;2;0;0;0
1525;sub1525;1;0;5.583;3;4;1;0;0;0
1526;sub1526;1;0;0.000;1;5;1;0;0;0
1527;sub1527;0;0;0.000;3;4;1;0;0;0
1528;sub1528;1;1;0.000;2;5;1;0;0;0
1529;sub1529;1;0;0.000;0;2;2;0;0;0
1530;sub1530;1;1;0.000;6;2;1;0;0;1
1531;sub1531;0;0;0.000;3;3;1;0;0;2
1532;sub1532;0;0;1.000;3;4;1;0;0;0
1533;sub1533;1;0;0.000;2;5;1;0;0;0
1534;sub1534;0;0;0.000;2;5;1;0;0;0
1535;sub1535;1;1;0.000;4;5;1;0;0;0
1536;sub1536;1;0;0.000;4;3;2;0;0;0
1537;sub1537;0;0;0.000;3;3;2;0;0;0
1538;sub1538;1;1;3.000;3;2;1;0;0;0
1539;sub1539;0;0;0.000;0;1;1;0;0;0
1540;sub1540;0;0;6.333;3;2;1;0;0;0
1541;sub1541;0;0;0.000;4;5;1;0;0;0
1542;sub1542;1;0;0.000;2;4;1;0;0;0
1543;sub1543;0;0;0.000;2;4;1;0;0;0
1544;sub1544;1;0;0.000;4;5;1;0;0;0
1545;sub1545;1;0;0.000;4;4;2;0;0;0
1546;sub1546;1;1;6.500;3;2;1;0;0;0
1547;sub1547;1;0;0.000;8;4;2;1;0;0
1548;sub1548;1;0;0.000;9;4;2;0;0;0
1549;sub1549;1;0;1.000;5;2;2;0;0;0
1550;sub1550;0;0;0.000;4;1;2;0;0;0
1551;sub1551;1;1;0.667;4;2;1;0;0;1
1552;sub1552;0;0;0.000;4;3;1;0;0;0
1553;sub1553;0;0;0.000;0;5;2;0;0;0
1554;sub1554;1;0;0.000;2;3;1;0;0;0
1555;sub1555;1;1;0.000;2;4;1;0;0;0
1556;sub1556;0;0;0.000;3;4;1;0;2;0
1557;sub1557;1;0;0.000;2;4;1;0;0;0
1558;sub1558;0;0;0.000;2;1;1;0;0;0
1559;sub1559;1;0;0.000;1;1;3;0;0;0
1560;sub1560;1;0;6.000;1;3;1;0;0;0
1561;sub1561;0;0;7.667;2;3;1;0;0;0
1562;sub1562;1;0;0.000;0;4;1;0;0;1
1563;sub1563;1;1;0.000;2;3;1;0;0;0
1564;sub1564;0;0;0.000;2;3;1;0;0;0
1565;sub1565;0;0;0.000;1;2;1;0;0;0
1566;sub1566;1;0;0.083;3;2;1;0;0;0
1567;sub1567;1;0;0.000;0;5;1;0;0;0
1568;sub1568;0;0;0.000;3;5;1;0;0;0
1569;sub1569;1;0;0.000;6;4;2;0;0;0
1570;sub1570;0;0;0.000;3;4;2;0;0;0
1571;sub1571;0;0;0.000;2;5;1;0;2;0
1572;sub1572;1;0;0.000;3;4;2;0;0;0
1573;sub1573;1;0;0.000;2;3;1;0;0;0
1574;sub1574;0;0;0.000;2;3;1;0;0;0
1575;sub1575;1;0;0.000;2;2;1;0;0;2
1576;sub1576;0;0;0.000;2;3;1;0;2;0
1577;sub1577;1;0;0.000;0;5;1;0;0;0
1578;sub1578;1;0;0.000;4;2;1;0;0;0
1579;sub1579;0;0;0.000;1;4;2;0;0;0
